,firstname,lastname,phone,email
0,test1,last1,223456,abc@email.com
1,test2,last2,4123414,abc@email.com
2,test3,last3,354345,abc@email.com
3,test4,last4,56757,cde@email.com
4,test5,last5,234234,a2@email.com
5,test6,last6,234234,a2@email.com
6,test7,last7,241343,abc1@email.com
7,test8,last8,4536,abc2@email.com
8,test9,last9,35645645,abc1@email.com
9,test10,last10,456456,abc2@email.com
10,test11,last11,456456,abc1@email.com
11,test6,last6,45654,abc2@email.com
12,test7,last7,46456,abc1@email.com
13,test8,last8,2342,abc2@email.com
14,test9,last9,23423,abc1@email.com
15,test10,last10,23413,abc2@email.com
16,test11,last11,23423,abc1@email.com
